user_input,retrieved_contexts,response,reference,factual_correctness(mode=f1),answer_relevancy,faithfulness,llm_context_precision_without_reference,context_recall
Who introduced the theory of relativity?,"[""Famous Scientists — Knowledge Base\nA reference document for RAG pipeline evaluation\nAlbert Einstein and the Theory of Relativity\nAlbert Einstein was a German-born theoretical physicist who is widely regarded as one of the\ngreatest scientists of all time. Born on March 14, 1879, in Ulm, Germany, Einstein proposed the\ntheory of relativity, which fundamentally transformed our understanding of time, space, and\ngravity.\nEinstein's special theory of relativity, published in 1905, introduced the famous equation E=mc²,\nestablishing that energy and mass are interchangeable. His general theory of relativity, published\nin 1915, described gravity not as a force but as a curvature of spacetime caused by mass and\nenergy.\nIn 1921, Albert Einstein was awarded the Nobel Prize in Physics for his discovery of the law of\nthe photoelectric effect, which was pivotal in establishing quantum theory. Einstein's\ncontributions to physics revolutionized modern science and laid the foundation for technologies"", ""Famous Scientists — Knowledge Base\nA reference document for RAG pipeline evaluation\nAlbert Einstein and the Theory of Relativity\nAlbert Einstein was a German-born theoretical physicist who is widely regarded as one of the\ngreatest scientists of all time. Born on March 14, 1879, in Ulm, Germany, Einstein proposed the\ntheory of relativity, which fundamentally transformed our understanding of time, space, and\ngravity.\nEinstein's special theory of relativity, published in 1905, introduced the famous equation E=mc²,\nestablishing that energy and mass are interchangeable. His general theory of relativity, published\nin 1915, described gravity not as a force but as a curvature of spacetime caused by mass and\nenergy.\nIn 1921, Albert Einstein was awarded the Nobel Prize in Physics for his discovery of the law of\nthe photoelectric effect, which was pivotal in establishing quantum theory. Einstein's\ncontributions to physics revolutionized modern science and laid the foundation for technologies"", ""Newton's three laws of motion describe the relationship between a body and the forces acting\nupon it, and how motion changes in response to those forces. His law of universal gravitation\nstates that every particle of matter in the universe attracts every other particle with a force\nproportional to the product of their masses and inversely proportional to the square of the\ndistance between them.\nIn 1687, Newton published his landmark work Philosophiae Naturalis Principia Mathematica\n(Mathematical Principles of Natural Philosophy), commonly known as the Principia. This work is\nconsidered one of the most important books in the history of science. Newton also made major\ncontributions to optics and shares credit with Gottfried Wilhelm Leibniz for developing calculus.\nCharles Darwin and the Theory of Evolution\nCharles Robert Darwin was an English naturalist and biologist born on February 12, 1809, in"", ""Newton's three laws of motion describe the relationship between a body and the forces acting\nupon it, and how motion changes in response to those forces. His law of universal gravitation\nstates that every particle of matter in the universe attracts every other particle with a force\nproportional to the product of their masses and inversely proportional to the square of the\ndistance between them.\nIn 1687, Newton published his landmark work Philosophiae Naturalis Principia Mathematica\n(Mathematical Principles of Natural Philosophy), commonly known as the Principia. This work is\nconsidered one of the most important books in the history of science. Newton also made major\ncontributions to optics and shares credit with Gottfried Wilhelm Leibniz for developing calculus.\nCharles Darwin and the Theory of Evolution\nCharles Robert Darwin was an English naturalist and biologist born on February 12, 1809, in""]",Albert Einstein introduced the theory of relativity.,"Albert Einstein introduced the theory of relativity, which transformed our understanding of time, space, and gravity.",0.67,0.9128863259148596,1.0,0.99999999995,1.0
Who was the first computer programmer?,"[""mathematician Luigi Menabrea, and supplemented it with her own extensive notes. These notes,\nwhich were three times longer than the original article, contained what is recognized as the first\nalgorithm intended to be processed by a machine, making her the world's first computer\nprogrammer.\nLovelace was the daughter of the poet Lord Byron and mathematician Anne Isabella Milbanke.\nShe had a remarkable vision for computing machines, suggesting they could be used for more\nthan just pure calculation, including composing music. The programming language Ada,\ndeveloped by the U.S. Department of Defense in the 1980s, was named in her honor."", ""mathematician Luigi Menabrea, and supplemented it with her own extensive notes. These notes,\nwhich were three times longer than the original article, contained what is recognized as the first\nalgorithm intended to be processed by a machine, making her the world's first computer\nprogrammer.\nLovelace was the daughter of the poet Lord Byron and mathematician Anne Isabella Milbanke.\nShe had a remarkable vision for computing machines, suggesting they could be used for more\nthan just pure calculation, including composing music. The programming language Ada,\ndeveloped by the U.S. Department of Defense in the 1980s, was named in her honor."", ""development. During the voyage, he observed the unique wildlife on the Galapagos Islands,\nparticularly the variation among finches, which contributed to his development of evolutionary\ntheory. His work revolutionized our understanding of biology and the relationship between all\nliving beings.\nAda Lovelace — The First Computer Programmer\nAugusta Ada King, Countess of Lovelace, commonly known as Ada Lovelace, was an English\nmathematician born on December 10, 1815, in London. She is widely regarded as the first\ncomputer programmer for her work on Charles Babbage's early mechanical general-purpose\ncomputer, the Analytical Engine.\nIn 1843, Ada Lovelace translated an article about the Analytical Engine written by Italian\nmathematician Luigi Menabrea, and supplemented it with her own extensive notes. These notes,\nwhich were three times longer than the original article, contained what is recognized as the first"", ""development. During the voyage, he observed the unique wildlife on the Galapagos Islands,\nparticularly the variation among finches, which contributed to his development of evolutionary\ntheory. His work revolutionized our understanding of biology and the relationship between all\nliving beings.\nAda Lovelace — The First Computer Programmer\nAugusta Ada King, Countess of Lovelace, commonly known as Ada Lovelace, was an English\nmathematician born on December 10, 1815, in London. She is widely regarded as the first\ncomputer programmer for her work on Charles Babbage's early mechanical general-purpose\ncomputer, the Analytical Engine.\nIn 1843, Ada Lovelace translated an article about the Analytical Engine written by Italian\nmathematician Luigi Menabrea, and supplemented it with her own extensive notes. These notes,\nwhich were three times longer than the original article, contained what is recognized as the first""]","The first computer programmer was Ada Lovelace, who is widely regarded for her work on Charles Babbage's early mechanical general-purpose computer, the Analytical Engine.",Ada Lovelace is regarded as the first computer programmer for her work on Charles Babbage's Analytical Engine.,0.8,1.0,1.0,0.999999999975,1.0
What did Isaac Newton contribute to science?,"[""Newton's three laws of motion describe the relationship between a body and the forces acting\nupon it, and how motion changes in response to those forces. His law of universal gravitation\nstates that every particle of matter in the universe attracts every other particle with a force\nproportional to the product of their masses and inversely proportional to the square of the\ndistance between them.\nIn 1687, Newton published his landmark work Philosophiae Naturalis Principia Mathematica\n(Mathematical Principles of Natural Philosophy), commonly known as the Principia. This work is\nconsidered one of the most important books in the history of science. Newton also made major\ncontributions to optics and shares credit with Gottfried Wilhelm Leibniz for developing calculus.\nCharles Darwin and the Theory of Evolution\nCharles Robert Darwin was an English naturalist and biologist born on February 12, 1809, in"", ""Newton's three laws of motion describe the relationship between a body and the forces acting\nupon it, and how motion changes in response to those forces. His law of universal gravitation\nstates that every particle of matter in the universe attracts every other particle with a force\nproportional to the product of their masses and inversely proportional to the square of the\ndistance between them.\nIn 1687, Newton published his landmark work Philosophiae Naturalis Principia Mathematica\n(Mathematical Principles of Natural Philosophy), commonly known as the Principia. This work is\nconsidered one of the most important books in the history of science. Newton also made major\ncontributions to optics and shares credit with Gottfried Wilhelm Leibniz for developing calculus.\nCharles Darwin and the Theory of Evolution\nCharles Robert Darwin was an English naturalist and biologist born on February 12, 1809, in"", ""Famous Scientists — Knowledge Base\nA reference document for RAG pipeline evaluation\nAlbert Einstein and the Theory of Relativity\nAlbert Einstein was a German-born theoretical physicist who is widely regarded as one of the\ngreatest scientists of all time. Born on March 14, 1879, in Ulm, Germany, Einstein proposed the\ntheory of relativity, which fundamentally transformed our understanding of time, space, and\ngravity.\nEinstein's special theory of relativity, published in 1905, introduced the famous equation E=mc²,\nestablishing that energy and mass are interchangeable. His general theory of relativity, published\nin 1915, described gravity not as a force but as a curvature of spacetime caused by mass and\nenergy.\nIn 1921, Albert Einstein was awarded the Nobel Prize in Physics for his discovery of the law of\nthe photoelectric effect, which was pivotal in establishing quantum theory. Einstein's\ncontributions to physics revolutionized modern science and laid the foundation for technologies"", ""Famous Scientists — Knowledge Base\nA reference document for RAG pipeline evaluation\nAlbert Einstein and the Theory of Relativity\nAlbert Einstein was a German-born theoretical physicist who is widely regarded as one of the\ngreatest scientists of all time. Born on March 14, 1879, in Ulm, Germany, Einstein proposed the\ntheory of relativity, which fundamentally transformed our understanding of time, space, and\ngravity.\nEinstein's special theory of relativity, published in 1905, introduced the famous equation E=mc²,\nestablishing that energy and mass are interchangeable. His general theory of relativity, published\nin 1915, described gravity not as a force but as a curvature of spacetime caused by mass and\nenergy.\nIn 1921, Albert Einstein was awarded the Nobel Prize in Physics for his discovery of the law of\nthe photoelectric effect, which was pivotal in establishing quantum theory. Einstein's\ncontributions to physics revolutionized modern science and laid the foundation for technologies""]","Isaac Newton made several significant contributions to science, including:

1. **Three Laws of Motion**: He described the relationship between a body and the forces acting upon it, and how motion changes in response to those forces.

2. **Law of Universal Gravitation**: He stated that every particle of matter in the universe attracts every other particle with a force proportional to the product of their masses and inversely proportional to the square of the distance between them.

3. **Philosophiae Naturalis Principia Mathematica**: In 1687, he published this landmark work, commonly known as the Principia, which is considered one of the most important books in the history of science.

4. **Contributions to Optics**: Newton made major contributions to the field of optics.

5. **Calculus**: He shares credit with Gottfried Wilhelm Leibniz for developing calculus.","Isaac Newton formulated the laws of motion and universal gravitation, laying the foundation for classical mechanics.",0.67,0.9674864255815577,1.0,0.99999999995,1.0
